{
  "matches":[
    {
      "id": "1",
      "turn": 1,
      "bids":[
        {
          "time": 42,
          "half": 1,
          "team": "Flamengo",
          "subject": "Para Fora",
          "description": "Mais uma excelente oportunidade para o Flamengo. Berrío. Mais oportunidade para o Flamengo. Berrío. Mais uma oportunidade para o Flamengo. Berrío. Mais uma excelente oportunidade para o Flamengo. Berrío."
        },
        {
          "time": 43,
          "half": 1,
          "team": "Flamengo",
          "subject": "Para Fora",
          "description": "Mais uma excelente oportunidade para o Flamengo. Berrío. Mais oportunidade para o Flamengo. Berrío. Mais uma oportunidade para o Flamengo. Berrío. Mais uma excelente oportunidade para o Flamengo. Berrío."
        }
      ],
      "team-a":{
        "name": "Flamengo",
        "abbr": "FLA",
        "badge": "logo1.png",
        "supporters": 0,
        "score": 2,
        "players": [
          {
            "name": "Alex Muralha",
            "pos" : "GOL"
          },
          {
            "name": "Pará",
            "pos" : "LAD"
          },
          {
            "name": "Réver",
            "pos" : "ZAD"
          },
          {
            "name": "Rafael Vaz",
            "pos" : "ZAE"
          }
        ]
      },
      "team-b":{
        "name": "Atlético-MG",
        "abbr": "CAM",
        "badge": "logo2.png",
        "supporters": 0,
        "score": 1,
        "players": [
          {
            "name": "Alex Muralha",
            "pos" : "GOL"
          },
          {
            "name": "Pará",
            "pos" : "LAD"
          },
          {
            "name": "Réver",
            "pos" : "ZAD"
          },
          {
            "name": "Rafael Vaz",
            "pos" : "ZAE"
          }
        ]
      },
      "championship": {
        "name": "Campeonato Brasileiro",
        "abbr": "Camp. Bras."
      },
      "videos":[
        "gyCFuP3rM2w"
      ]
    },
    {
      "id": "1",
      "turn": 1,
      "bids":[
        {
          "time": 42,
          "half": 1,
          "team": "Flamengo",
          "subject": "Para Fora",
          "description": "Mais uma excelente oportunidade para o Flamengo. Berrío. Mais oportunidade para o Flamengo. Berrío. Mais uma oportunidade para o Flamengo. Berrío. Mais uma excelente oportunidade para o Flamengo. Berrío."
        },
        {
          "time": 43,
          "half": 1,
          "team": "Flamengo",
          "subject": "Para Fora",
          "description": "Mais uma excelente oportunidade para o Flamengo. Berrío. Mais oportunidade para o Flamengo. Berrío. Mais uma oportunidade para o Flamengo. Berrío. Mais uma excelente oportunidade para o Flamengo. Berrío."
        }
      ],
      "team-a":{
        "name": "Palmeiras",
        "abbr": "PAL",
        "badge": "logo1.png",
        "supporters": 0,
        "score": 2,
        "players": [
          {
            "name": "Alex Muralha",
            "pos" : "GOL"
          },
          {
            "name": "Pará",
            "pos" : "LAD"
          },
          {
            "name": "Réver",
            "pos" : "ZAD"
          },
          {
            "name": "Rafael Vaz",
            "pos" : "ZAE"
          }
        ]
      },
      "team-b":{
        "name": "Cruzeiro-MG",
        "abbr": "CRU",
        "badge": "logo2.png",
        "supporters": 0,
        "score": 1,
        "players": [
          {
            "name": "Alex Muralha",
            "pos" : "GOL"
          },
          {
            "name": "Pará",
            "pos" : "LAD"
          },
          {
            "name": "Réver",
            "pos" : "ZAD"
          },
          {
            "name": "Rafael Vaz",
            "pos" : "ZAE"
          }
        ]
      },
      "championship": {
        "name": "Campeonato Brasileiro",
        "abbr": "Camp. Bras."
      },
      "videos":[
        "gyCFuP3rM2w"
      ]
    }
  ]
}